,书名,作者,评分,a,评价人数,b,简介
0,"追风筝的人
","['[美] 卡勒德・胡赛尼 ', ' 李继宏 ', ' 上海人民出版社 ', ' 2006-5 ', ' 29.00元\n']","8.9
","数：(
","                 353596人评价
","             )
","为你，千千万万遍
"
1,"解忧杂货店
","['[日] 东野圭吾 ', ' 李盈春 ', ' 南海出版公司 ', ' 2014-5 ', ' 39.50元\n']","8.6
","数：(
","                 328746人评价
","             )
","一碗精心熬制的东野牌鸡汤，拒绝很难
"
2,"小王子
","['[法] 圣埃克苏佩里 ', ' 马振聘 ', ' 人民文学出版社 ', ' 2003-8 ', ' 22.00元\n']","9.0
","数：(
","                 274607人评价
","             )
","献给长成了大人的孩子们
"
3,"白夜行
","['[日] 东野圭吾 ', ' 刘姿君 ', ' 南海出版公司 ', ' 2008-9 ', ' 29.80元\n']","9.1
","数：(
","                 241257人评价
","             )
","暗夜独行的残破灵魂，爱与恶本就难分难舍
"
4,"围城
","['钱锺书 ', ' 人民文学出版社 ', ' 1991-2 ', ' 19.00\n']","8.9
","数：(
","                 216746人评价
","             )
","对于“人艰不拆”四个字最彻底的违抗
"
5,"三体
","['刘慈欣 ', ' 重庆出版社 ', ' 2008-1 ', ' 23.00\n']","8.8
","数：(
","                 195462人评价
","             )
","你我不过都是虫子
"
6,"嫌疑人X的献身
","['[日] 东野圭吾 ', ' 刘子倩 ', ' 南海出版公司 ', ' 2008-9 ', ' 28.00\n']","8.9
","数：(
","                 190080人评价
","             )
","数学好是一种极致的浪漫
"
7,"挪威的森林
","['[日] 村上春树 ', ' 林少华 ', ' 上海译文出版社 ', ' 2001-2 ', ' 18.80元\n']","8.0
","数：(
","                 208764人评价
","             )
","村上之发轫，多少人的青春启蒙
"
8,"活着
","['余华 ', ' 南海出版公司 ', ' 1998-5 ', ' 12.00元\n']","9.1
","数：(
","                 172749人评价
","             )
","活着本身就是人生最大的意义
"
9,"百年孤独
","['[哥伦比亚] 加西亚・马尔克斯 ', ' 范晔 ', ' 南海出版公司 ', ' 2011-6 ', ' 39.50元\n']","9.2
","数：(
","                 151070人评价
","             )
","尼采所谓的永劫复归，一场无始无终的梦魇
"
10,"红楼梦
","['[清] 曹雪芹 著 ', ' 人民文学出版社 ', ' 1996-12 ', ' 59.70元\n']","9.6
","数：(
","                 144478人评价
","             )
","谁解其中味？
"
11,"看见
","['柴静 ', ' 广西师范大学出版社 ', ' 2013-1-1 ', ' 39.80元\n']","8.8
","数：(
","                 146546人评价
","             )
","在这里看见中国
"
12,"不能承受的生命之轻
","['[捷克] 米兰・昆德拉 ', ' 许钧 ', ' 上海译文出版社 ', ' 2003-7 ', ' 23.00元\n']","8.5
","数：(
","                 147921人评价
","             )
","朝向媚俗的一次伟大的进军
"
13,"达・芬奇密码
","['[美] 丹・布朗 ', ' 朱振武 ', ' 上海人民出版社 ', ' 2004-2 ', ' 28.00元\n']","8.2
","数：(
","                 139962人评价
","             )
","一切畅销的因素都有了
"
14,"平凡的世界（全三部）
","['路遥 ', ' 人民文学出版社 ', ' 2005-1 ', ' 64.00元\n']","9.0
","数：(
","                 121925人评价
","             )
","中国当代城乡生活全景
"
15,"三体Ⅱ
","['刘慈欣 ', ' 重庆出版社 ', ' 2008-5 ', ' 32.00\n']","9.3
","数：(
","                 114279人评价
","             )
","无边的黑暗森林，比第一部更为恢弘壮丽
"
16,"三体Ⅲ
","['刘慈欣 ', ' 重庆出版社 ', ' 2010-11 ', ' 38.00元\n']","9.2
","数：(
","                 114295人评价
","             )
","终章，何去何从
"
17,"简爱（英文全本）
","['[英] 夏洛蒂・勃朗特 ', ' 世界图书出版公司 ', ' 2003-11 ', ' 18.00元\n']","8.5
","数：(
","                 118771人评价
","             )
","灰姑娘在十九世纪
"
18,"我们仨
","['杨绛 ', ' 生活・读书・新知三联书店 ', ' 2003-7 ', ' 18.80元\n']","8.7
","数：(
","                 103635人评价
","             )
","平淡，坚忍，温情
"
19,"天才在左 疯子在右
","['高铭 ', ' 武汉大学出版社 ', ' 2010-2 ', ' 29.80元\n']","8.2
","数：(
","                 112496人评价
","             )
","简称“疯癫与文明”
"
20,"哈利・波特与魔法石
","['[英] J. K. 罗琳 ', ' 苏农 ', ' 人民文学出版社 ', ' 2000-9 ', ' 19.50元\n']","9.0
","数：(
","                 98612人评价
","             )
","羽加迪姆勒维奥萨！
"
21,"傲慢与偏见
","['[英] 奥斯丁 ', ' 张玲 ', ' 人民文学出版社 ', ' 1993-7 ', ' 13.00元\n']","8.8
","数：(
","                 98211人评价
","             )
","所有现代言情小说的母体
"
22,"明朝那些事儿（壹）
","['当年明月 ', ' 中国友谊出版公司 ', ' 2006-9 ', ' 24.80\n']","8.7
","数：(
","                 95999人评价
","             )
","历史本就是一件件“事儿”拼成的
"
23,"送你一颗子弹
","['刘瑜 ', ' 上海三联书店 ', ' 2010-1 ', ' 25.00元\n']","8.6
","数：(
","                 98020人评价
","             )
","犀利又温柔，穿过胸口隐隐作痛
"
24,"飘
","['[美国] 玛格丽特・米切尔 ', ' 李美华 ', ' 译林出版社 ', ' 2000-9 ', ' 40.00元\n']","9.3
","数：(
","                 89700人评价
","             )
","革命时期的爱情，随风而逝
"
25,"目送
","['龙应台 ', ' 生活・读书・新知三联书店 ', ' 2009-10 ', ' 39.00元\n']","8.7
","数：(
","                 96737人评价
","             )
","不必追
"
26,"倾城之恋
","['花城出版社 ', ' 1997-3-1 ', ' 11.00\n']","8.5
","数：(
","                 98328人评价
","             )
","一段姻缘，需要一座城的倾覆来成全
"
27,"恶意
","['[日] 东野圭吾 ', ' 娄美莲 ', ' 南海出版公司 ', ' 2009-6 ', ' 18.00\n']","8.4
","数：(
","                 91227人评价
","             )
","无缘由的恨，冰冷彻骨
"
28,"霍乱时期的爱情
","['[哥伦比亚] 加西亚・马尔克斯 ', ' 杨玲 ', ' 南海出版公司 ', ' 2012-9-1 ', ' 39.50元\n']","9.0
","数：(
","                 85121人评价
","             )
","义无反顾地直达爱情的核心
"
29,"情人
","['[法] 玛格丽特・杜拉斯 ', ' 王道乾 ', ' 上海译文出版社 ', ' 2005-7 ', ' 20.00元\n']","8.1
","数：(
","                 95576人评价
","             )
","我已经老了，你呢？
"
30,"哈利・波特与阿兹卡班的囚徒
","['[英] J. K. 罗琳 ', ' 郑须弥 ', ' 人民文学出版社 ', ' 2000-9 ', ' 26.50元\n']","8.9
","数：(
","                 81416人评价
","             )
","小天狼星布莱克
"
31,"边城
","['沈从文 ', ' 北岳文艺出版社 ', ' 2002-4 ', ' 12.00元\n']","8.6
","数：(
","                 84720人评价
","             )
","如水一般的忧愁与怅惘
"
32,"狼图腾
","['姜戎 ', ' 长江文艺出版社 ', ' 2004-4 ', ' 32.00元\n']","8.3
","数：(
","                 87929人评价
","             )
","我们都是 狼的传人？
"
33,"哈利・波特与火焰杯
","['[英] J. K. 罗琳 ', ' 马爱新 ', ' 人民文学出版社 ', ' 2001-5 ', ' 39.80元\n']","9.0
","数：(
","                 78654人评价
","             )
","整个系列的分水岭，暗色渐浓
"
34,"1Q84 BOOK 1
","['[日] 村上春树 ', ' 施小炜 ', ' 南海出版公司 ', ' 2010-5 ', ' 36.00元\n']","8.3
","数：(
","                 85262人评价
","             )
","村上的野望，欢迎来到1Q84年
"
35,"哈利・波特与密室
","['[英] J. K. 罗琳 ', ' 马爱新 ', ' 人民文学出版社 ', ' 2000-9 ', ' 22.00元\n']","8.9
","数：(
","                 78669人评价
","             )
","渐入佳境，魔法世界全貌初现
"
36,"许三观卖血记
","['余华 ', ' 南海出版公司 ', ' 1998-9 ', ' 16.80元\n']","8.7
","数：(
","                 79884人评价
","             )
","余华的悲凉，都在那一碗炒猪肝里了
"
37,"撒哈拉的故事
","['三毛 ', ' 皇冠出版社 ', ' 1976 ', ' 160 TWD\n']","9.0
","数：(
","                 76645人评价
","             )
","关于漂泊的一切
"
38,"穆斯林的葬礼
","['霍达 ', ' 北京十月文艺出版社 ', ' 1988-12-1 ', ' 32.00\n']","8.2
","数：(
","                 83521人评价
","             )
","时代烙印鲜明的民族史诗
"
39,"万历十五年
","['[美] 黄仁宇 ', ' 生活・读书・新知三联书店 ', ' 1997-5 ', ' 18.00元\n']","8.9
","数：(
","                 75560人评价
","             )
","见微知著，历史观的颠覆
"
40,"莲花
","['安妮宝贝 ', ' 作家出版社 ', ' 2006-3 ', ' 25.00元\n']","8.0
","数：(
","                 80333人评价
","             )
","三个生命的交逢，灵魅清冷
"
41,"向左走・向右走
","['酌 ', ' 生活・读书・新知三联书店 ', ' 2002-8 ', ' 16.00元\n']","8.4
","数：(
","                 75397人评价
","             )
","两条平行线相遇的可能
"
42,"盗墓笔记
","['南派三叔 ', ' 中国友谊出版公司 ', ' 2007-1 ', ' 26.80元\n']","8.3
","数：(
","                 74564人评价
","             )
","想象奇诡的大型RPG游戏
"
43,"哈利・波特与混血王子
","['[英] J. K. 罗琳 ', ' 马爱农 ', ' 人民文学出版社 ', ' 2005-10 ', ' 58.00元\n']","8.8
","数：(
","                 68973人评价
","             )
","感情线纷乱的一部。再见邓布利多
"
44,"窗边的小豆豆
","['[日] 黑柳彻子 著 ', ' 赵玉皎 ', ' 南海出版公司 ', ' 2003-1 ', ' 20.00元\n']","8.7
","数：(
","                 69912人评价
","             )
","真正懂孩子的教育经
"
45,"黄金时代
","['王小波 ', ' 花城出版社 ', ' 1999-3 ', ' 19.00元\n']","8.8
","数：(
","                 68986人评价
","             )
","能把性爱写得如此坦荡的，大概只有王二了
"
46,"苏菲的世界
","['（挪威）乔斯坦・贾德 ', ' 萧宝森 ', ' 作家出版社 ', ' 1999-04 ', ' 26.80元\n']","8.5
","数：(
","                 69939人评价
","             )
","最平易近人的哲学入门
"
47,"天龙八部
","['金庸 ', ' 有1996年11月北平第4次印刷本 ', ' 三联书店 ', ' 1994-5 ', ' 96.0\n']","9.1
","数：(
","                 63198人评价
","             )
","“有情皆孽，无人不冤”
"
48,"三国演义（全二册）
","['[明] 罗贯中 ', ' 人民文学出版社 ', ' 1998-05 ', ' 39.50元\n']","9.2
","数：(
","                 62099人评价
","             )
","是非成败转头空
"
49,"牧羊少年奇幻之旅
","['[巴西]保罗・柯艾略 ', ' 丁文林 ', ' 南海出版公司 ', ' 2009-3-1 ', ' 25.00元\n']","8.6
","数：(
","                 67169人评价
","             )
","你自己就是最大的宝藏
"
50,"哈利・波特与凤凰社
","['[英] J. K. 罗琳 ', ' 马爱农 ', ' 人民文学出版社 ', ' 2003-9 ', ' 59.00元\n']","8.7
","数：(
","                 65402人评价
","             )
","暴脾气的哈利
"
51,"悟空传
","['今何在 ', ' 光明日报出版社 ', ' 2001-4 ', ' 14.80元\n']","8.4
","数：(
","                 68998人评价
","             )
","猴子还是那个猴子，世界早已不是原来的世界
"
52,"海边的卡夫卡
","['[日] 村上春树 ', ' 林少华 ', ' 上海译文出版社 ', ' 2003-4 ', ' 25.00元\n']","8.1
","数：(
","                 67373人评价
","             )
","背负诅咒的少年，平行世界中的奥德赛
"
53,"灿烂千阳
","['[美] 卡勒德・胡赛尼 ', ' 李继宏 ', ' 上海人民出版社 ', ' 2007-9 ', ' 28.00元\n']","8.8
","数：(
","                 61186人评价
","             )
","唯有希望与爱可以驱散阴霾
"
54,"老人与海
","['海明威 ', ' 吴劳 ', ' 上海译文出版社 ', ' 1999-10 ', ' 8.20元\n']","8.3
","数：(
","                 65402人评价
","             )
","正是悲壮赋予生活以意义
"
55,"人类简史
","['[以色列]尤瓦尔・赫拉利 ', ' 林俊宏 ', ' 中信出版社 ', ' 2014-11 ', ' CNY 68.00\n']","9.1
","数：(
","                 58976人评价
","             )
","跟着人类一同走过十万年
"
56,"呼啸山庄
","['（英）勃朗特 ', ' 张扬 ', ' 人民文学出版社 ', ' 1999-01-01 ', ' 27.30元\n']","8.4
","数：(
","                 64492人评价
","             )
","近乎暴虐的爱与恨，中文译名后无来者
"
57,"1984
","['[英] 乔治・奥威尔 ', ' 刘绍铭 ', ' 北京十月文艺出版社 ', ' 2010-4-1 ', ' 28.00\n']","9.3
","数：(
","                 57410人评价
","             )
","栗树荫下，我出卖你，你出卖我
"
58,"人间失格
","['太宰治 ', ' 许时嘉 ', ' 吉林出版集团有限责任公司 ', ' 2009年9月 ', ' 16.00元\n']","8.3
","数：(
","                 65112人评价
","             )
","令人无从怜悯的绝望
"
59,"亲爱的安德烈
","['龙应台 ', ' 人民文学出版社 ', ' 2008-12 ', ' 26.00\n']","8.7
","数：(
","                 61876人评价
","             )
","龙应台母子对话，两代人的思想碰撞
"
60,"兄弟（上）
","['余华 ', ' 上海文艺出版社 ', ' 2005-8 ', ' 16.00元\n']","8.3
","数：(
","                 63195人评价
","             )
","历史苦难中的个人灾变
"
61,"基督山伯爵
","['大仲马 ', ' 周克希 ', ' 上海译文出版社 ', ' 1991-12-1 ', ' 43.90元\n']","9.0
","数：(
","                 57926人评价
","             )
","完美的复仇，金庸用法语写作应该就是这样
"
62,"少有人走的路
","['[美] M・斯科特・派克 ', ' 于海生 ', ' 吉林文史出版社 ', ' 2007-1 ', ' 26.00元\n']","8.4
","数：(
","                 61879人评价
","             )
","成熟的心智通向更完善的自我
"
63,"笑傲江湖（全四册）
","['金庸 ', ' 生活・读书・新知三联书店 ', ' 1994-5 ', ' 76.80元\n']","9.0
","数：(
","                 56141人评价
","             )
","武侠的壳，政治斗争的核
"
64,"无声告白
","['[美] 伍绮诗 ', ' 孙璐 ', ' 江苏凤凰文艺出版社 ', ' 2015-7 ', ' 35.00元\n']","8.2
","数：(
","                 62131人评价
","             )
","莉迪亚死了，可他们还不知道
"
65,"民主的细节
","['刘瑜 ', ' 上海三联书店 ', ' 2009-6 ', ' 25.00\n']","8.6
","数：(
","                 57718人评价
","             )
","公民养成手册
"
66,"福尔摩斯探案全集（上中下）
","['[英] 阿・柯南道尔 ', ' 丁钟华 等 ', ' 群众出版社 ', ' 1981-8 ', ' 53.00元', '68.00元\n']","9.2
","数：(
","                 52973人评价
","             )
","侦探小说鼻祖
"
67,"遇见未知的自己
","['张德芬 ', ' 华夏出版社 ', ' 2008-1 ', ' 29.00\n']","8.1
","数：(
","                 58335人评价
","             )
","都市灵修速成
"
68,"茶花女
","['小仲马 ', ' 王振孙 ', ' 外国文学出版社 ', ' 1997-3 ', ' 9.00元\n']","8.2
","数：(
","                 57709人评价
","             )
","妓女应当拥有爱情吗？
"
69,"白鹿原
","['陈忠实 ', ' 人民文学出版社 ', ' 1997-12 ', ' 28.00元\n']","8.6
","数：(
","                 53214人评价
","             )
","中国乡村史诗
"
70,"情书
","['[日] 岩井俊二 ', ' 穆晓芳 ', ' 天津人民出版社 ', ' 2004-7 ', ' 18.00元\n']","8.6
","数：(
","                 53696人评价
","             )
","一场误会中的两段爱情，东方式的含蓄隐忍
"
71,"一个陌生女人的来信
","['[奥] 斯台芬・茨威格 ', ' 张玉书 ', ' 上海译文出版社 ', ' 2007-7 ', ' 20.00元\n']","8.7
","数：(
","                 53686人评价
","             )
","暗恋的极致
"
72,"沉默的大多数
","['王小波 ', ' 中国青年出版社 ', ' 1997-10 ', ' 27.00元\n']","9.1
","数：(
","                 50509人评价
","             )
","沉默是沉默者的通行证
"
73,"神雕侠侣
","['金庸 ', ' 有1996年11月北平第4次印本 ', ' 生活・读书・新知三联书店 ', ' 1994-5 ', ' 76.80元\n']","8.8
","数：(
","                 50653人评价
","             )
","至情至性，情大于武
"
74,"局外人
","['[法] 阿尔贝・加缪 ', ' 柳鸣九 ', ' 上海译文出版社 ', ' 2010-9 ', ' 22.00元\n']","9.0
","数：(
","                 47372人评价
","             )
","人生在世，永远也不该演戏作假
"
75,"鲁滨逊漂流记
","['[英] 笛福 ', ' 马静 ', ' 广西民族出版社 ', ' 2002-1 ', ' 9.20元\n']","8.0
","数：(
","                 53399人评价
","             )
","最早的荒野求生
"
76,"东方快车谋杀案
","['[英] 阿加莎・克里斯蒂 ', ' 陈尧光 ', ' 人民文学出版社 ', ' 2006-5 ', ' 18.00元\n']","9.0
","数：(
","                 46800人评价
","             )
","谋杀诡计惊人，波洛的抉择耐人寻味
"
77,"当我谈跑步时我谈些什么
","['[日] 村上春树 ', ' 施小炜 ', ' 南海出版公司 ', ' 2009-1 ', ' 25.00\n']","8.1
","数：(
","                 52202人评价
","             )
","村上同志告诉我们，身体是革命的本钱
"
78,"肖申克的救赎
","['[美] 斯蒂芬・金 ', ' 施寄青 ', ' 人民文学出版社 ', ' 2006-7 ', ' 29.90元\n']","9.1
","数：(
","                 45066人评价
","             )
","希望让人自由，电影实在太有名
"
79,"这些人，那些事
","['吴念真 ', ' 译林出版社 ', ' 2011-9 ', ' 28.00元\n']","8.8
","数：(
","                 46056人评价
","             )
","平淡叙述下的惊心动魄
"
80,"巴黎圣母院
","['[法]雨果 ', ' 陈敬容 ', ' 人民文学出版社 ', ' 1982-6 ', ' 22.50元\n']","8.3
","数：(
","                 48086人评价
","             )
","潜藏于残缺下的美与崇高
"
81,"这些都是你给我的爱
","['文：安东尼 ', ' 长江文艺出版社 ', ' 2010-3 ', ' 24.80元\n']","8.4
","数：(
","                 46775人评价
","             )
","只言片语的温暖
"
82,"羊脂球
","['（法）莫泊桑 ', ' 柳鸣九 ', ' 北京燕山出版社 ', ' 2007-6 ', ' 13.50元\n']","8.1
","数：(
","                 49105人评价
","             )
","资产阶级的道貌岸然
"
83,"无人生还
","['[英] 阿加莎99克里斯蒂 ', ' 祁阿红 ', ' 人民文学出版社 ', ' 2008-3 ', ' 19.00\n']","8.9
","数：(
","                 43649人评价
","             )
","童谣杀人案
"
84,"喜宝
","['亦舒 ', ' 新世界出版社 ', ' 2007-2 ', ' 22.00元\n']","8.0
","数：(
","                 48593人评价
","             )
","爱情才是终极的奢侈品
"
85,"呐喊
","['鲁迅 ', ' 人民文学出版社 ', ' 1973年3月 ', ' 0.36元\n']","8.8
","数：(
","                 43178人评价
","             )
","新文学的第一声呐喊
"
86,"巨人的陨落
","['[英] 肯・福莱特 ', ' 于大卫 ', ' 江苏凤凰文艺出版社 ', ' 2016-5-1 ', ' 129.80元\n']","8.9
","数：(
","                 42551人评价
","             )
","五个家族，一场战争
"
87,"了不起的盖茨比
","['菲茨杰拉德 ', ' 姚乃强 ', ' 人民文学出版社 ', ' 2004-06 ', ' 12.00元\n']","8.3
","数：(
","                 46296人评价
","             )
","梦，就像黛西家的那一缕绿光
"
88,"爱你就像爱生命
","['王小波 ', ' 上海锦绣文章出版社 ', ' 2008-5 ', ' 18.00元\n']","8.8
","数：(
","                 43536人评价
","             )
","王小波与李银河的两地书
"
89,"红玫瑰与白玫瑰
","['张爱玲 ', ' 花城出版社 ', ' 1996-06 ', ' 12.80元\n']","8.4
","数：(
","                 45625人评价
","             )
","蚊子血还是饭黏子？
"
90,"陪安东尼度过漫长岁月
","['安东尼 ', ' 长江文艺出版社 ', ' 2008-3 ', ' 18.00\n']","8.3
","数：(
","                 45339人评价
","             )
","真正的片段式写作
"
91,"乌合之众
","['（法）勒庞 ', ' 冯克利 ', ' 中央编译出版社 ', ' 2011-5-1 ', ' 16.00元\n']","8.3
","数：(
","                 46149人评价
","             )
","群氓心理剖析
"
92,"动物农场
","['[英] 乔治・奥威尔 ', ' 荣如德 ', ' 上海译文出版社 ', ' 2007-3 ', ' 10.00元\n']","9.2
","数：(
","                 40514人评价
","             )
","太阳底下并无新事
"
93,"华胥引（全二册）
","['唐七公子 ', ' 现代出版社 ', ' 2011-1 ', ' 39.80元\n']","8.4
","数：(
","                 43760人评价
","             )
","现实不如梦中的圆满
"
94,"鬼吹灯之精绝古城
","['天下霸唱 ', ' 安徽文艺出版社 ', ' 2006 ', ' 25.0\n']","8.1
","数：(
","                 44340人评价
","             )
","盗墓祖师名不虚传
"
95,"安徒生童话故事集
","['（丹麦）安徒生 ', ' 叶君健 ', ' 人民文学出版社 ', ' 1997-08 ', ' 25.00\n']","9.2
","数：(
","                 39239人评价
","             )
","远不是童话那么简单
"
96,"骆驼祥子
","['老舍 ', ' 人民文学出版社 ', ' 2000-3-1 ', ' 12.00\n']","8.3
","数：(
","                 43423人评价
","             )
","如骆驼喘息般深刻的绝望
"
97,"半生缘
","['张爱玲 ', ' 北京十月文艺出版社 ', ' 2006-12 ', ' 28.00元\n']","8.6
","数：(
","                 41496人评价
","             )
","世钧，我们回不去了
"
98,"地下铁
","['酌 ', ' 辽宁教育出版社 ', ' 2002-2 ', ' 32.00元\n']","8.3
","数：(
","                 41039人评价
","             )
","黑暗世界中的点滴亮光
"
99,"射雕英雄传（全四册）
","['金庸 ', ' 生活・读书・新知三联书店 ', ' 1999-04 ', ' 47.00元\n']","8.9
","数：(
","                 36720人评价
","             )
","侠之大者，为国为民
"
100,"房思琪的初恋乐园
","['林奕含 ', ' 北京联合出版公司 ', ' 2018-1 ', ' 45.00元\n']","9.2
","数：(
","                 35360人评价
","             )
","以血书写的文学
"
101,"如何阅读一本书
","['[美] 莫提默・J. 艾德勒 ', ' 郝明义 ', ' 商务印书馆 ', ' 2004-1 ', ' 38.00元\n']","8.4
","数：(
","                 38509人评价
","             )
","读书的方法论
"
102,"月亮忘了
","['酌 ', ' 格林 ', ' 2000-2-1 ', ' NT$ 299\n']","8.6
","数：(
","                 37084人评价
","             )
","月明星稀的晚上，看不见的，看见了
"
103,"此间的少年
","['江南 ', ' 华文出版社 ', ' 2004-1 ', ' 25.00元\n']","8.4
","数：(
","                 37685人评价
","             )
","象牙塔里的金庸群侠
"
104,"孤独六讲
","['蒋勋 ', ' 广西师范大学出版社 ', ' 2009-10-1 ', ' 36.00元\n']","8.1
","数：(
","                 39351人评价
","             )
","作为一种美学的孤独
"
105,"一个人的朝圣
","['【英】蕾秋・乔伊斯 ', ' 黄妙瑜 ', ' 北京联合出版公司 ', ' 2013-9-1 ', ' 32.80\n']","8.1
","数：(
","                 39020人评价
","             )
","关于爱和信念的旅行
"
106,"阿Q正传
","['鲁迅 ', ' 上海书店出版社 ', ' 2003-7 ', ' 14.50元\n']","8.7
","数：(
","                 35542人评价
","             )
","哀其不幸，怒其不争
"
107,"一人住第5年
","['高木直子 ', ' 洪俞君 ', ' 大田 ', ' 2004-12-1 ', ' NT$220\n']","8.4
","数：(
","                 36197人评价
","             )
","独居生活之乐
"
108,"步步惊心
","['桐华 ', ' 民族出版社 ', ' 2006-6 ', ' 25.00元\n']","8.1
","数：(
","                 37508人评价
","             )
","现世太苦，不如穿越回去从头来过
"
109,"刀锋
","['[英]毛姆 ', ' 周煦良 ', ' 上海译文出版社 ', ' 2007-3 ', ' 18.00元\n']","9.0
","数：(
","                 33225人评价
","             )
","一把刀的锋刃不容易越过；因此智者说得救之道是困难的
"
110,"常识
","['梁文道 ', ' 广西师范大学出版社 ', ' 2009-1 ', ' 38.00\n']","8.1
","数：(
","                 37079人评价
","             )
","献给这个常识稀缺的时代
"
111,"寻路中国
","['[美] 彼得・海斯勒 ', ' 李雪顺 ', ' 上海译文出版社 ', ' 2011-1 ', ' 33.00元\n']","9.0
","数：(
","                 32984人评价
","             )
","中国在路上，非虚构写作所能达到的高度
"
112,"一只特立独行的猪
","['王小波 ', ' 北方文艺出版社 ', ' 2006-4 ', ' 18.80元\n']","8.8
","数：(
","                 34045人评价
","             )
","生活就是个缓慢受锤的过程，至少还可以特立独行
"
113,"孩子你慢慢来
","['龙应台 ', ' 生活・读书・新知三联书店 ', ' 2009-12-1 ', ' 28.00元\n']","8.8
","数：(
","                 33689人评价
","             )
","我们现在怎样做母亲
"
114,"荆棘鸟
","['[澳] 考琳・麦卡洛 ', ' 曾胡 ', ' 译林出版社 ', ' 1998-7 ', ' 28.00元\n']","8.6
","数：(
","                 34082人评价
","             )
","澳洲乱世情
"
115,"时间旅行者的妻子
","['[美] 奥德丽・尼芬格 ', ' 夏金 ', ' 人民文学出版社 ', ' 2007-4 ', ' 29.90元\n']","8.1
","数：(
","                 36529人评价
","             )
","在时间的缝隙中穿行，然后相遇
"
116,"梦里花落知多少
","['三毛 ', ' 北京十月文艺出版社 ', ' 2007-6 ', ' 28.00元\n']","8.8
","数：(
","                 33069人评价
","             )
","哀而不伤
"
117,"哭泣的骆驼
","['三毛 ', ' 哈尔滨出版社 ', ' 2003-6 ', ' 15.80元\n']","8.9
","数：(
","                 32249人评价
","             )
","沙漠中寻常的生与死
"
118,"格林童话全集
","['格林兄弟 ', ' 魏以新 ', ' 人民文学出版社 ', ' 1994-11 ', ' 21.45元\n']","8.9
","数：(
","                 31729人评价
","             )
","许多隐晦
"
119,"你好，旧时光（上 下）
","['八月长安 ', ' 新世界出版社 ', ' 2009-12 ', ' 39.80元\n']","8.8
","数：(
","                 31990人评价
","             )
","原作名切题
"
120,"尘埃落定
","['阿来 ', ' 人民文学出版社 ', ' 1998-3-1 ', ' 22.0\n']","8.4
","数：(
","                 33594人评价
","             )
","一个傻子的土司家族传奇
"
121,"麦琪的礼物
","['[美] 欧・亨利 ', ' 张经浩 ', ' 上海社会科学院出版社 ', ' 2003-7 ', ' 25.00元\n']","8.6
","数：(
","                 32861人评价
","             )
","日常的奇迹
"
122,"城南旧事
","['林海音 文 ', ' 中国青年出版社 ', ' 2003-7 ', ' 16.00元\n']","8.9
","数：(
","                 31528人评价
","             )
","长亭外，古道边，芳草碧连天
"
123,"失恋33天
","['鲍鲸鲸 ', ' 中信出版社 ', ' 2010-1 ', ' 25.00元\n']","8.1
","数：(
","                 34966人评价
","             )
","失恋是一种病，痊愈之后百毒不侵
"
124,"那些回不去的年少时光
","['桐华 ', ' 江苏文艺出版社 ', ' 2010-01 ', ' 23.80元\n']","8.5
","数：(
","                 32258人评价
","             )
","所有你曾热爱却正在遗忘的人和事
"
125,"我不喜欢这世界，我只喜欢你
","['乔一 ', ' 湖南少年儿童出版社 ', ' 2015-5-1 ', ' 29.80元\n']","8.0
","数：(
","                 32844人评价
","             )
","一想到能和你共度余生，我就对余生充满期待
"
126,"金锁记
","['张爱玲 ', ' 哈尔滨出版社 ', ' 2005-6 ', ' 13.5元\n']","8.5
","数：(
","                 32633人评价
","             )
","曹七巧就像希克厉，一个扭曲的英雄
"
127,"海贼王
","['尾田荣一郎 ', ' 董科 ', ' 浙江人民美术出版社 ', ' 2007-11 ', ' 7.50元\n']","9.5
","数：(
","                 28107人评价
","             )
","热血，梦想，希望
"
128,"历史深处的忧虑
","['林达 ', ' 生活・读书・新知三联书店 ', ' 1997-5 ', ' 19.00元\n']","9.0
","数：(
","                 29747人评价
","             )
","窥见美国社会的一扇窗
"
129,"菊与刀
","['（美）鲁思99本尼迪克特 ', ' 吕万和 ', ' 商务印书馆 ', ' 1990-6 ', ' 16.00\n']","8.2
","数：(
","                 33173人评价
","             )
","复杂矛盾的日本民族
"
130,"悲惨世界（上中下）
","['[法] 雨果 ', ' 李丹 ', ' 人民文学出版社 ', ' 1992-6 ', ' 66.00元\n']","8.9
","数：(
","                 29597人评价
","             )
","现实主义与浪漫主义的至高杰作
"
131,"球状闪电
","['刘慈欣 ', ' 四川科学技术出版社 ', ' 2005-6 ', ' 22.00元\n']","8.7
","数：(
","                 30543人评价
","             )
","量子之外，没有真相
"
132,"鹿鼎记（全五册）
","['金庸 ', ' 广州出版社 花城出版社 ', ' 2008-3 ', ' 108.00元\n']","8.8
","数：(
","                 30067人评价
","             )
","武侠的解构，流氓的狂欢
"
133,"史蒂夫・乔布斯传
","['[美] 沃尔特・艾萨克森 ', ' 管延圻 ', ' 中信出版社 ', ' 2011-10-24 ', ' 68.00元\n']","8.7
","数：(
","                 30304人评价
","             )
","完美主义者的最高形态
"
134,"大地之灯
","['七堇年 ', ' 长江文艺出版社 ', ' 2007-1 ', ' 22.00元\n']","8.2
","数：(
","                 31921人评价
","             )
","两代人的成长与救赎
"
135,"东霓
","['笛安 ', ' 长江文艺出版社 ', ' 2010-7-1 ', ' 26.80元\n']","8.1
","数：(
","                 32210人评价
","             )
","自毁而偏执的东霓
"
136,"长恨歌
","['王安忆 ', ' 南海出版公司 ', ' 2003-8 ', ' 22.00元\n']","8.2
","数：(
","                 32079人评价
","             )
","现代上海史诗
"
137,"你一定爱读的极简欧洲史
","['约翰・赫斯特（John Hirst） ', ' 席玉苹 ', ' 广西师范大学出版社 ', ' 2011-11-25 ', ' 25.00元\n']","8.2
","数：(
","                 31451人评价
","             )
","欧洲，为什么老是抢第一？
"
138,"查令十字街84号
","['[美] 海莲・汉芙 ', ' 陈建铭 ', ' 译林出版社 ', ' 2005-05-01 ', ' 18.00元\n']","8.3
","数：(
","                 30723人评价
","             )
","文艺青年的爱情地标
"
139,"飞鸟集
","['[印] 罗宾德拉纳德・泰戈尔 ', ' 徐翰林 ', ' 哈尔滨出版社 ', ' 2004-6 ', ' 16.80元\n']","8.8
","数：(
","                 28215人评价
","             )
","淡泊，超脱
"
140,"香水
","['[德] 帕・聚斯金德 ', ' 李清华 ', ' 上海译文出版社 ', ' 2005-5 ', ' 20.00元\n']","8.5
","数：(
","                 29161人评价
","             )
","恋味癖谋杀案
"
141,"看不见的城市
","['[意大利]伊塔洛・卡尔维诺 ', ' 张宓 ', ' 译林出版社 ', ' 2006-8 ', ' 16.00元\n']","8.8
","数：(
","                 28201人评价
","             )
","每一座城市都只在想象中耸立，又在描述中坍圮
"
142,"一九八四・动物农场
","['[英] 乔治・奥威尔 ', ' 董乐山 ', ' 上海译文出版社 ', ' 2003-4 ', ' 23.00元\n']","9.3
","数：(
","                 26349人评价
","             )
","一个预言和一个寓言，令人窒息的政治恐怖
"
143,"橙
","['安东尼 ', ' 长江文艺出版社 ', ' 2010-10 ', ' 28.80元\n']","8.2
","数：(
","                 29605人评价
","             )
","定做一个刻着“不过如此”的章，盖在封面上
"
144,"富爸爸，穷爸爸
","['（美）罗伯特99T99清崎 ', ' 杨君，杨明 ', ' 世界图书出版公司 ', ' 2000-09 ', ' 18.80\n']","8.2
","数：(
","                 29517人评价
","             )
","人穷穷观念，人富钱生钱
"
145,"伊豆的舞女
","['[日] 川端康成 ', ' 叶渭渠 ', ' 广西师范大学出版社 ', ' 2002-2 ', ' 23.80元\n']","8.2
","数：(
","                 29925人评价
","             )
","静美又残酷，无限柔软的川端
"
146,"倚天屠龙记(共四册)
","['金庸 ', ' 三联书店 ', ' 1999-04 ', ' 0\n']","8.5
","数：(
","                 28168人评价
","             )
","不识张郎是张郎
"
147,"杀死一只知更鸟
","['[美] 哈珀・李 ', ' 高红梅 ', ' 译林出版社 ', ' 2012-9 ', ' 32.00元\n']","9.2
","数：(
","                 25928人评价
","             )
","有一种东西不能遵循从众原则，那就是――人的良心
"
148,"朝花夕拾
","['鲁迅 ', ' 人民文学出版社 ', ' 1972年4月 ', ' 0.25元\n']","8.7
","数：(
","                 27651人评价
","             )
","鲁迅的旧事重提
"
149,"影响力
","['[美] 罗伯特・西奥迪尼 ', ' 陈叙 ', ' 中国人民大学出版社 ', ' 2006-5 ', ' 45.00元\n']","8.6
","数：(
","                 27688人评价
","             )
","营销防骗指南
"
150,"匆匆那年（上下）
","['九夜茴 ', ' 东方出版社 ', ' 2008-1 ', ' 29.00\n']","8.3
","数：(
","                 29021人评价
","             )
","不悔梦归处 只恨太匆匆
"
151,"江城
","['[美] 彼得・海斯勒 ', ' 李雪顺 ', ' 上海译文出版社 ', ' 2012-1 ', ' 36.00元\n']","9.0
","数：(
","                 26426人评价
","             )
","外国人的寻路中国
"
152,"中国历代政治得失
","['钱穆 ', ' 生活・读书・新知三联书店 ', ' 2001 ', ' 12.00元\n']","9.1
","数：(
","                 25956人评价
","             )
","一部简明的“中国政治制度史”
"
153,"世界尽头与冷酷仙境
","['[日] 村上春树 ', ' 林少华 ', ' 上海译文出版社 ', ' 2002-12 ', ' 23.00元\n']","8.6
","数：(
","                 28006人评价
","             )
","交叉平行蒙太奇
"
154,"把时间当作朋友
","['李笑来 ', ' 电子工业出版社 ', ' 2009-6 ', ' 32.00元\n']","8.5
","数：(
","                 28152人评价
","             )
","反成功学的成功学
"
155,"往事并不如烟
","['章诒和 ', ' 人民文学出版社 ', ' 2004-1 ', ' 35.00元\n']","8.6
","数：(
","                 27479人评价
","             )
","知识分子的命运浮沉
"
156,"冰与火之歌（卷一）
","['[美] 乔治・R. R. 马丁 ', ' 谭光磊 ', ' 重庆出版社 ', ' 2005-5 ', ' 68.00元\n']","9.3
","数：(
","                 24940人评价
","             )
","凛冬将至。无比宏大的世界观
"
157,"红与黑
","['斯丹达尔 ', ' 张冠尧 ', ' 译林出版社 ', ' 1993-7-1 ', ' 20.00元\n']","8.2
","数：(
","                 28642人评价
","             )
","阴谋与爱情
"
158,"时间简史
","['[英] 史蒂芬・霍金 ', ' 许明贤 ', ' 湖南科学技术出版社 ', ' 2010-4 ', ' 45.00元\n']","8.8
","数：(
","                 26057人评价
","             )
","霍金与上帝的战争
"
159,"七夜雪
","['沧月 ', ' 北京十月文艺出版社 ', ' 2006-10 ', ' 25.00元\n']","8.4
","数：(
","                 26991人评价
","             )
","抵不过时间
"
160,"那些年，我们一起追的女孩
","['九把刀 ', ' 花山文艺出版社 ', ' 2007-1 ', ' 20.00元\n']","8.2
","数：(
","                 27997人评价
","             )
","那些年错过的大雨
"
161,"ZOO
","['[日] 乙一 ', ' 李颖秋 ', ' 当代世界出版社 ', ' 2007-10 ', ' 20.00元\n']","8.6
","数：(
","                 26462人评价
","             )
","噩梦中的一丝温度
"
162,"水浒传（全二册）
","['[明] 施耐庵 ', ' 人民文学出版社 ', ' 1997-1 ', ' 50.60元\n']","8.5
","数：(
","                 26382人评价
","             )
","风风火火闯九州
"
163,"蔷薇岛屿
","['安妮宝贝 ', ' 作家出版社 ', ' 2002-8 ', ' 18.00元\n']","8.0
","数：(
","                 28384人评价
","             )
","你们不会彼此遗忘。只会彼此消失
"
164,"阿狸・梦之城堡
","['hans ', ' 上海锦绣文章出版社 ', ' 2009-1 ', ' 36.80元\n']","9.0
","数：(
","                 24893人评价
","             )
","治愈
"
165,"天使与魔鬼
","['[美] 丹.布朗 ', ' 朱振武 ', ' 人民文学出版社 ', ' 2005-2 ', ' 29.80元\n']","8.2
","数：(
","                 27433人评价
","             )
","科学与宗教的大乱斗
"
166,"陆犯焉识
","['严歌苓 ', ' 作家出版社 ', ' 2011-10 ', ' 35.00元\n']","8.8
","数：(
","                 25072人评价
","             )
","翻手为苍凉，覆手为繁华
"
167,"最好的我们
","['八月长安 ', ' 湖南文艺出版社 ', ' 2013-8-5 ', ' 55\n']","8.8
","数：(
","                 24471人评价
","             )
","耿耿余淮
"
168,"雷雨
","['曹禺 ', ' 人民文学出版社 ', ' 1999-05 ', ' 9.20\n']","8.5
","数：(
","                 25958人评价
","             )
","人的心都靠不住，我并不是说人坏，我就是恨人性太弱，太容易变了
"
169,"最初的爱情 最后的仪式
","['[英] 伊恩・麦克尤恩 ', ' 潘帕 ', ' 南京大学出版社 ', ' 2010-2 ', ' 22.00元\n']","8.0
","数：(
","                 27603人评价
","             )
","别被封面骗了
"
170,"西游记（全二册）
","['吴承恩 ', ' 黄肃秋 注释 ', ' 人民文学出版社 ', ' 2004-8 ', ' 47.20元\n']","8.8
","数：(
","                 24764人评价
","             )
","取经之路就在脚下
"
171,"瓦尔登湖
","['[美] 梭罗 ', ' 徐迟 ', ' 上海译文出版社 ', ' 2006-8 ', ' 11.00元\n']","8.4
","数：(
","                 26184人评价
","             )
","另一种生活
"
172,"国境以南 太阳以西
","['[日] 村上春树 ', ' 林少华 ', ' 上海译文出版社 ', ' 2001-8 ', ' 13.50元\n']","8.3
","数：(
","                 26341人评价
","             )
","灾星下出生的恋人们
"
173,"自控力
","['[美]  凯利・麦格尼格尔 ', ' 王岑卉 ', ' 文化发展出版社(原印刷工业出版社) ', ' 2012-8 ', ' 39.80元\n']","8.3
","数：(
","                 25990人评价
","             )
","要么瘦，要么死
"
174,"海底两万里
","['[法国] 儒尔・凡尔纳 ', ' 沈国华 ', ' 译林出版社 ', ' 2002-9 ', ' 19.50元\n']","8.4
","数：(
","                 25377人评价
","             )
","你听说过鹦鹉螺号吗？
"
175,"佛祖在一号线
","['李海鹏 ', ' 文化艺术出版社 ', ' 2010-6 ', ' 25.00元\n']","8.2
","数：(
","                 25877人评价
","             )
","嬉笑怒骂的常识分子
"
176,"生活在别处
","['[捷克] 米兰・昆德拉 ', ' 袁筱一 ', ' 上海译文出版社 ', ' 2004-5 ', ' 25.00元\n']","8.4
","数：(
","                 25384人评价
","             )
","此处的生活唯有残酷
"
177,"狂人日记
","['鲁迅 ', ' 京华出版社 ', ' 2006-3 ', ' 39.80元\n']","8.7
","数：(
","                 24162人评价
","             )
","中国现代文学史上第一篇真正的现代白话小说
"
178,"夏洛的网
","['[美] E.B.怀特 ', ' 任溶溶 ', ' 上海译文出版社 ', ' 2004-5 ', ' 17.00元\n']","8.5
","数：(
","                 24453人评价
","             )
","猪与蜘蛛
"
179,"你今天真好看
","['[美]莉兹61克里莫 ', ' 周高逸 ', ' 雅众文化', '天津人民出版社 ', ' 2015-8 ', ' 39.00元\n']","8.7
","数：(
","                 24038人评价
","             )
","呆萌可爱的动物段子手
"
180,"京华烟云
","['林语堂 ', ' 张振玉 ', ' 陕西师范大学出版社 ', ' 2005-7 ', ' 43.00元\n']","8.5
","数：(
","                 24435人评价
","             )
","林语堂的《红楼梦》
"
181,"心是孤独的猎手
","['[美] 卡森・麦卡勒斯 ', ' 陈笑黎 ', ' 上海三联书店 ', ' 2005-8 ', ' 25.00元\n']","8.5
","数：(
","                 24341人评价
","             )
","镇上有两个哑巴，他们总是在一起。
"
182,"变形记
","['[奥] 卡夫卡 ', ' 叶廷芳 ', ' 浙江文艺出版社 ', ' 2003-4 ', ' 16.00元\n']","8.4
","数：(
","                 24762人评价
","             )
","格里高里清早醒来发现自己变成了甲虫
"
183,"设计中的设计
","['[日] 原研哉 ', ' 朱锷 ', ' 山东人民出版社 ', ' 2006-11 ', ' 48.00元\n']","8.6
","数：(
","                 23764人评价
","             )
","日常生活的无限可能性
"
184,"没有色彩的多崎作和他的巡礼之年
","['[日] 村上春树 ', ' 施小炜 ', ' 南海出版公司 ', ' 2013-10-1 ', ' 39.50元\n']","8.2
","数：(
","                 24675人评价
","             )
","并不是一切都消失在了时间的长河里
"
185,"我执
","['梁文道 ', ' 广西师范大学出版社 ', ' 2010-10 ', ' 35.00元\n']","8.0
","数：(
","                 25513人评价
","             )
","梁文道的私密日记
"
186,"呼兰河传
","['萧红 ', ' 百花文艺出版社 ', ' 2005-01 ', ' 19.00\n']","8.9
","数：(
","                 22591人评价
","             )
","萧红的童年往事
"
187,"偷书贼
","['[澳] 马克斯・苏萨克 ', ' 孙张静 ', ' 南海出版公司 ', ' 2007-8 ', ' 25.00元\n']","8.0
","数：(
","                 25003人评价
","             )
","不能说偷，是窃，窃你懂吗
"
188,"激荡三十年（上）
","['吴晓波 ', ' 中信出版社 浙江人民出版社 ', ' 2007-1 ', ' 35.00\n']","8.8
","数：(
","                 22405人评价
","             )
","这是一个最好的时代，也是一个最坏的时代
"
189,"文学回忆录（全2册）
","['木心 讲述 ', ' 广西师范大学出版社 ', ' 2013-1-10 ', ' 98.00元\n']","9.2
","数：(
","                 21456人评价
","             )
","木心留给世界的礼物
"
190,"人性的弱点全集
","['[美] 戴尔・卡耐基 ', ' 袁玲 ', ' 中国发展出版社 ', ' 2008-1 ', ' 25.00元\n']","8.3
","数：(
","                 23757人评价
","             )
","西方世界最持久的人文畅销书
"
191,"一句顶一万句
","['刘震云 ', ' 长江文艺出版社 ', ' 2009-3 ', ' 29.80\n']","8.7
","数：(
","                 22489人评价
","             )
","一句胜过千年
"
192,"我与地坛
","['史铁生 ', ' 春风文艺出版社 ', ' 2002-5 ', ' 25.00元\n']","9.0
","数：(
","                 21538人评价
","             )
","这是你的罪孽与福祉
"
193,"人生
","['路遥 ', ' 北京十月文艺出版社 ', ' 2009-5 ', ' 20.00元\n']","8.4
","数：(
","                 22820人评价
","             )
","如果你是高加林，你要如何选择？
"
194,"浮生六记
","['（清）沈复 ', ' 人民文学出版社 ', ' 1999', '1 ', ' 5.70元\n']","8.9
","数：(
","                 21820人评价
","             )
","布衣菜饭可乐终身
"
195,"尼罗河上的惨案
","['[英] 阿加莎・克里斯蒂 ', ' 宫英海 ', ' 人民文学出版社 ', ' 2006-5 ', ' 22.00元\n']","8.7
","数：(
","                 22083人评价
","             )
","阿婆代表作之一
"
196,"九州・缥缈录
","['江南 ', ' 新世界出版社 ', ' 2005-6 ', ' 20.00元\n']","8.8
","数：(
","                 21250人评价
","             )
","乱世的英雄史诗
"
197,"我的精神家园
","['王小波 ', ' 文化艺术出版社 ', ' 1997 ', ' 18.80元\n']","9.1
","数：(
","                 20200人评价
","             )
","活过，爱过，写过
"
198,"占星术杀人魔法
","['[日] 岛田庄司 ', ' 王鹏帆 ', ' 新星出版社 ', ' 2008-9 ', ' 28.00\n']","8.3
","数：(
","                 21758人评价
","             )
","一桩占星术连续杀人案件
"
199,"妻妾成群
","['苏童 ', ' 上海文艺出版社 ', ' 2004-8 ', ' 23.00元\n']","8.2
","数：(
","                 22278人评价
","             )
","暂无
"
200,"浪潮之巅
","['吴军 ', ' 电子工业出版社 ', ' 2011-8 ', ' 55.00元\n']","9.1
","数：(
","                 19796人评价
","             )
","了解IT领域的入门读物
"
201,"野火集
","['龙应台 ', ' 文汇出版社 ', ' 2005-8 ', ' 25.00元\n']","8.8
","数：(
","                 20502人评价
","             )
","中国人你为什么不生气？
"
202,"舞！舞！舞！
","['[日] 村上春树 ', ' 林少华 ', ' 上海译文出版社 ', ' 2002-6 ', ' 25.00元\n']","8.3
","数：(
","                 21740人评价
","             )
","深入村上春树的心灵腹地
"
203,"高效能人士的七个习惯（精华版）
","['[美] 史蒂芬・柯维 ', ' 高新勇 ', ' 中国青年出版社 ', ' 2011-6 ', ' 29.00元\n']","8.2
","数：(
","                 21159人评价
","             )
","暂无
"
204,"项链
","['[法] 莫泊桑 ', ' 顾加琛 等 ', ' 河北教育出版社 ', ' 2005-2 ', ' 28.00元\n']","8.3
","数：(
","                 21032人评价
","             )
","暂无
"
205,"未来简史
","['[以色列] 尤瓦尔・赫拉利 ', ' 林俊宏 ', ' 中信出版社 ', ' 2017-1 ', ' 68\n']","8.4
","数：(
","                 20297人评价
","             )
","暂无
"
206,"海子的诗
","['海子 ', ' 人民文学出版社 ', ' 1999-04 ', ' 15.40\n']","8.9
","数：(
","                 19270人评价
","             )
","暂无
"
207,"教父
","['[美]马里奥・普佐 ', ' 周汉林 ', ' 译林出版社 ', ' 1997-8 ', ' 23.30元\n']","9.0
","数：(
","                 18913人评价
","             )
","暂无
"
208,"娱乐至死
","['[美] 尼尔・波兹曼 ', ' 章艳 ', ' 广西师范大学出版社 ', ' 2011-6 ', ' 29.80元\n']","8.5
","数：(
","                 20083人评价
","             )
","暂无
"
209,"父与子全集
","['[德] 埃・奥・卜劳恩 绘 ', ' 杨莹 ', ' 中国工人出版社 ', ' 2003-4 ', ' 20.00元\n']","9.2
","数：(
","                 18349人评价
","             )
","暂无
"
210,"斯通纳
","['[美] 约翰・威廉斯 ', ' 杨向荣 ', ' 世纪文景', '上海人民出版社 ', ' 2016-1 ', ' 39.00元\n']","8.8
","数：(
","                 18870人评价
","             )
","暂无
"
211,"动物凶猛
","['王朔 ', ' 中国电影出版社 ', ' 2004-2 ', ' 15.5\n']","8.3
","数：(
","                 20347人评价
","             )
","暂无
"
212,"芳华
","['严歌苓 ', ' 人民文学出版社 ', ' 2017-4 ', ' 39.00元\n']","8.1
","数：(
","                 20544人评价
","             )
","暂无
"
213,"观念的水位
","['刘瑜 ', ' 浙江大学出版社 ', ' 2013-1 ', ' 36.00元\n']","8.3
","数：(
","                 20121人评价
","             )
","暂无
"
214,"罗杰疑案
","['[英] 阿加莎・克里斯蒂 ', ' 张江云 ', ' 人民文学出版社 ', ' 2006-5 ', ' 21.00元\n']","8.9
","数：(
","                 18493人评价
","             )
","暂无
"
215,"子不语1
","['夏达 ', ' 新世纪出版社 ', ' 2009-12 ', ' RMB36.00\n']","9.0
","数：(
","                 18073人评价
","             )
","暂无
"
216,"巨流河
","['齐邦媛 ', ' 生活・读书・新知三联书店 ', ' 2010-10 ', ' 39.00元\n']","8.7
","数：(
","                 18985人评价
","             )
","暂无
"
217,"中国大历史
","['黄仁宇 ', ' 生活・读书・新知三联书店 ', ' 2007-2 ', ' 19.00元\n']","8.3
","数：(
","                 20085人评价
","             )
","暂无
"
218,"小姨多鹤
","['严歌苓 ', ' 作家出版社 ', ' 2008-4 ', ' 28.00元\n']","8.6
","数：(
","                 19244人评价
","             )
","暂无
"
219,"人间词话
","['王国维 ', ' 上海古籍出版社 ', ' 1998-12-01 ', ' 9.80元\n']","9.0
","数：(
","                 18218人评价
","             )
","暂无
"
220,"第一炉香
","['张爱玲 ', ' 花城出版社 ', ' 1997-3 ', ' 11.5\n']","8.4
","数：(
","                 19728人评价
","             )
","暂无
"
221,"寻羊冒险记
","['[日] 村上春树 ', ' 林少华 ', ' 上海译文出版社 ', ' 2001-8 ', ' 18.80元\n']","8.1
","数：(
","                 20268人评价
","             )
","暂无
"
222,"带一本书去巴黎
","['林达 ', ' 生活・读书・新知三联书店 ', ' 2002-5 ', ' 35.00元\n']","8.5
","数：(
","                 19127人评价
","             )
","暂无
"
223,"爱的艺术
","['[美] 艾・弗洛姆 ', ' 李健鸣 ', ' 上海译文出版社 ', ' 2008-4 ', ' 15.00元\n']","8.8
","数：(
","                 18380人评价
","             )
","暂无
"
224,"夹边沟记事
","['杨显惠 ', ' 花城出版社 ', ' 2008-09 ', ' 34.00元\n']","9.2
","数：(
","                 17419人评价
","             )
","暂无
"
225,"罗生门
","['[日]芥川龙之介 ', ' 林少华 ', ' 上海译文出版社 ', ' 2008-7 ', ' 12.00元\n']","8.7
","数：(
","                 18594人评价
","             )
","暂无
"
226,"面纱
","['[英] W.萨默塞特・毛姆 ', ' 阮景林 ', ' 重庆出版社 ', ' 2012-5 ', ' 32.00元\n']","8.7
","数：(
","                 18323人评价
","             )
","暂无
"
227,"退步集
","['陈丹青 ', ' 广西师范大学出版社 ', ' 2005-1 ', ' 38.00元\n']","8.1
","数：(
","                 19631人评价
","             )
","暂无
"
228,"一千零一夜
","['纳训 ', ' 人民文学出版社 ', ' 2003-01 ', ' 22.0\n']","8.6
","数：(
","                 18472人评价
","             )
","暂无
"
229,"云中歌1
","['桐华 ', ' 作家出版社 ', ' 2007-9 ', ' 24.80元\n']","8.1
","数：(
","                 19383人评价
","             )
","暂无
"
230,"台北人
","['白先勇 ', ' 广西师范大学出版社 ', ' 2010-10 ', ' 38.00元\n']","8.9
","数：(
","                 17508人评价
","             )
","暂无
"
231,"来不及说我爱你
","['匪我思存 ', ' 新世界出版社 ', ' 2006-9 ', ' 20.00元\n']","8.1
","数：(
","                 19223人评价
","             )
","暂无
"
232,"雨季不再来
","['三毛 ', ' 北京十月文艺出版社 ', ' 2007-7 ', ' 28.00元\n']","8.7
","数：(
","                 17915人评价
","             )
","暂无
"
233,"万水千山走遍
","['三毛 ', ' 哈尔滨出版社 ', ' 2003-08 ', ' 13.80\n']","8.8
","数：(
","                 17533人评价
","             )
","暂无
"
234,"相约星期二
","['[美] 米奇・阿尔博姆 ', ' 吴洪 ', ' 上海译文出版社 ', ' 2007-7 ', ' 19.00元\n']","8.4
","数：(
","                 18398人评价
","             )
","暂无
"
235,"白银时代
","['王小波 ', ' 花城出版社 ', ' 1997-5 ', ' 10.00元\n']","8.4
","数：(
","                 18564人评价
","             )
","暂无
"
236,"哈姆莱特
","['[英] 莎士比亚 ', ' 朱生豪 ', ' 人民文学出版社 ', ' 2001-1 ', ' 7.00元\n']","8.5
","数：(
","                 18168人评价
","             )
","暂无
"
237,"可爱的洪水猛兽
","['韩寒 ', ' 万卷出版公司 ', ' 2009-08-01 ', ' 25.00元\n']","8.1
","数：(
","                 19079人评价
","             )
","暂无
"
238,"告白
","['佳苗 ', ' 丁世佳 ', ' r笪幕 ', ' 2009年8月31日 ', ' NT$250\n']","8.6
","数：(
","                 17607人评价
","             )
","暂无
"
239,"琅琊榜
","['海宴 ', ' 朝华出版社 ', ' 2007-12 ', ' 49.80元\n']","8.5
","数：(
","                 17249人评价
","             )
","暂无
"
240,"枪炮、病菌与钢铁
","['[美] 贾雷德・戴蒙德 ', ' 谢延光 ', ' 上海世纪出版集团 ', ' 2006-4-1 ', ' 45.00元\n']","8.8
","数：(
","                 17117人评价
","             )
","暂无
"
241,"月亮与六便士
","['[英] 威廉・萨默塞特・毛姆 ', ' 徐淳刚 ', ' 浙江文艺出版社 ', ' 2017-1-1 ', ' 39.80元\n']","8.8
","数：(
","                 17737人评价
","             )
","暂无
"
242,"雾都孤儿
","['[英]狄更斯 ', ' 荣如德 ', ' 上海译文出版社 ', ' 1991-7 ', ' 10.10元\n']","8.1
","数：(
","                 18660人评价
","             )
","暂无
"
243,"红拂夜奔
","['王小波 ', ' 江苏文艺出版社 ', ' 2005-1 ', ' 28.00元\n']","8.6
","数：(
","                 17211人评价
","             )
","暂无
"
244,"朗读者
","['[德] 本哈德・施林克 ', ' 钱定平 ', ' 译林出版社 ', ' 2009-2 ', ' 22.00\n']","8.3
","数：(
","                 17815人评价
","             )
","暂无
"
245,"后宫・甄执Ⅰ
","['流潋紫 ', ' 花山文艺出版社 ', ' 2007-2 ', ' 22.00元\n']","8.0
","数：(
","                 18521人评价
","             )
","暂无
"
246,"星空
","['酌 ', ' 大K文化 ', ' 2009-5-1 ', ' NT369\n']","9.0
","数：(
","                 16221人评价
","             )
","暂无
"
247,"新参者
","['[日] 东野圭吾 ', ' 岳远坤 ', ' 南海出版公司 ', ' 2011-9 ', ' 28.00元\n']","8.4
","数：(
","                 17643人评价
","             )
","暂无
"
248,"阿麦从军：全新修订版
","['鲜橙 ', ' 作家出版社 ', ' 2017-8-1 ', ' 108.00元\n']","8.9
","数：(
","                 15167人评价
","             )
","暂无
"
249,"深夜食堂 01
","['[日] 安倍夜郎 ', ' 陈颖 ', ' 湖南文艺出版社 ', ' 2013-1 ', ' 25.00元\n']","9.1
","数：(
","                 15696人评价
","             )
","暂无
"
